adres;baslik;yazar
/blog/2026-girisimcilik-paketi-vergi-muafiyeti-ve-tesvikler;2026 Girişimcilik Paketi: Vergi Muafiyeti ve Teşvikler;
/blog/yeni-nesil-yazar-kasalarda-e-fatura-donemi;Yeni Nesil Yazar Kasalarda e-Fatura Dönemi;
/blog/pazaryeri-komisyon-faturasi-muhasebe-kaydi-nasil-yapilir;Pazaryeri Komisyon Faturası Muhasebe Kaydı Nasıl Yapılır?;
/blog/linkle-tahsilat-nedir;Linkle Tahsilat Nedir? Sanal POS ile Uzaktan Tahsilat Rehberi;
/blog/muhsgk-beyannamesi;MUHSGK Beyannamesi 2026: Son Günler, Düzeltme Süreci ve Cezalar;
/blog/e-defter-berat-yukleme-sureleri;E-Defter Berat Yükleme Süreleri 2026: Takvim, Tercih ve Cezalar;
/blog/e-ticaret-sitesi-nasil-kurulur;E-Ticaret Sitesi Nasıl Kurulur?;
/blog/e-ticaret-nedir-nasil-yapilir;E-Ticaret Nedir? Nasıl Yapılır?;
/blog/yurt-disi-kazanc-istisnasi;Freelancer ve Yazılımcılar İçin Yurt Dışı Kazanç İstisnası 2026;
/blog/binek-arac-gider-kisitlamasi;Binek Araç Gider Kısıtlaması 2026: Güncel Sınırlar Neler Nelerdir?;
/blog/kargo-giderlerinin-muhasebelestirilmesi;E-Ticarette Kargo Giderlerinin Muhasebeleştirilmesi Nasıl Yapılır?;
/blog/en-iyi-e-ticaret-altyapilari-hangileri;En İyi E-Ticaret Altyapıları Hangileri?;
/blog/pos-komisyon-giderleri;Pos Komisyon Giderleri Nasıl Muhasebeleştirilir? İşletmeler İçin Rehber;
/blog/temu-turkiyede-magaza-nasil-acilir;Temu Türkiye'de Mağaza Nasıl Açılır? 2026 Satıcı Rehberi;
/blog/defter-beyan-sistemi;Defter-Beyan Sistemi 2026: Karşılama Ekranı ve Geçiş İşlemleri;
/blog/2026-gelir-vergisi-dilimleri-ve-hesaplama-rehberi;2026 Gelir Vergisi Dilimleri ve Hesaplama Rehberi;
/blog/2026-fatura-duzenleme-siniri-ve-cezalar-guncel-rehber;2026 Fatura Düzenleme Sınırı ve Cezalar: Güncel Rehber;
/blog/vergi-muafiyet-belgesi-nedir;Vergi Muafiyet Belgesi: Nedir, Kimler Alabilir ve Nasıl Başvurulur?;
/blog/vergi-levhasi-nasil-alinir;Vergi Levhası Nasıl Alınır? Güncel Kılavuz;
/blog/mobil-imza-nasil-alinir;Mobil İmza Nasıl Alınır?;
/blog/mersis-no-nedir;MERSİS No Nedir, Nasıl Sorgulanır?;
/blog/kobi-belgesi-nasil-alinir;KOBİ Belgesi Nasıl Alınır? KOBİ Belgesi Başvuru Rehberi;
/blog/serbest-meslek-makbuzu-nasil-hesaplanir;Serbest Meslek Makbuzu Nasıl Hesaplanır? Detaylı Rehber;
/blog/reddiyat-makbuzu-nedir;Reddiyat Makbuzu Nedir? Ne İşe Yarar ve Nasıl Düzenlenir?;
/blog/kosgeb-hangi-sektor-ve-isleri-destekliyor;KOSGEB Hangi Sektör ve İşleri Destekliyor?;
/blog/geriye-donuk-fatura-kesilir-mi;Geriye Dönük Fatura Kesilir mi? Şartlar ve Sonuçları;
/blog/asgari-kurumlar-vergisi-nedir;Asgari Kurumlar Vergisi Nedir? Hesaplama ve Kapsamı;
/blog/bedelsiz-sermaye-artirimi-nedir;Bedelsiz Sermaye Artırımı Nedir, Şirketlere Ne Kazandırır?;
/blog/e-tebligat-basvurusu-nasil-yapilir;E-Tebligat Başvurusu Nasıl Yapılır? 5 Adımda Dijital Bildirime Geçiş;
/blog/finansman-gider-kisitlamasi-nedir;Finansman Gider Kısıtlaması Nedir? 2026 Güncel Uygulamalar ve İstisnalar;
/blog/mail-order-sistemi-nasil-acilir;Mail Order Sistemi Nasıl Açılır ve Nasıl Ödeme Alınır? Yeni Başlayanlar İçin Rehber;
/blog/nfc-nedir-nasil-acilir;NFC Nedir, Nasıl Açılır? Akıllı Cihazlarda NFC ile Hayatınızı Kolaylaştırın;
/blog/gcb-sorgulama-nasil-yapilir;Gümrük Çıkış Beyannamesi;
/blog/e-arsiv-fatura-iptali;E-Arşiv Fatura İptali Nasıl Yapılır?;
/blog/kobiler-icin-finans-yonetimi-rehberi;KOBİ'ler İçin Etkili Finans Yönetimi;
/blog/pos-cihazi-nasil-alinir-nasil-kullanilir;POS Cihazı Nasıl Alınır ve Nasıl Kullanılır?;
/blog/okc-odeme-kaydedici-cihaz-nedir;Yazar Kasa POS (ÖKC) Zorunluluğu: Kimler Muaf, Kimler Kullanmak Zorunda?;
/blog/enflasyon-muhasebesi-nedir-nasil-yapilir-ve-amaclari-nelerdir;Enflasyon Muhasebesi Nedir? Nasıl Yapılır ve Amaçları Nelerdir?;
/blog/e-imza-nedir-nerelerde-kullanilir;E-İmza Nedir, Nerelerde Kullanılır?;
/blog/ileti-yonetim-sistemi-nedir;İleti Yönetim Sistemi (İYS) Nedir?;
/blog/ticaret-sicil-gazetesi-nedir-nasil-sorgulanir;Ticaret Sicil Gazetesi (TTSG) Nedir? Nasıl Sorgulanır?;
/blog/mkk-sicil-no-nedir-mkk-sicil-no-ne-ise-yarar;MKK Sicil No Nedir? MKK Sicil No Ne İşe Yarar?;
/blog/issizlik-maasi-ne-kadar-issizlik-maasi-hesaplama;2026 İşsizlik Maaşı Ne Kadar? İşsizlik Maaşı Hesaplama;
/blog/esbis-nedir-esbise-nasil-kayit-olunur;ESBİS Nedir? ESBİS’e Nasıl Kayıt Olunur?;
/blog/e-fatura-hizmet-maliyeti;e-Fatura Hizmet Maliyetleri Nelerdir?;
/blog/kolaybi-turkiyenin-en-iyi-isletmeleri-arasinda-yerini-aldi;KolayBi Türkiye'nin En İyi İşletmeleri Arasında Yerini Aldı;
/blog/e-ticarete-nasil-baslanir;E-Ticarete Nasıl Başlanır?;
